<window>
	<defaultcontrol always="true">9000</defaultcontrol>
	<coordinates>
		<system>1</system>
		<posx>185</posx>
		<posy>110</posy>
	</coordinates>
	<animation effect="fade" time="250">WindowOpen</animation>
	<animation effect="fade" time="250">WindowClose</animation>
	<controls>
		<control type="group">
			<animation effect="fade" time="300">Visible</animation>
			<animation effect="fade" time="300">Hidden</animation>
			<control type="image">
				<description>background image</description>
				<posx>0</posx>
				<posy>0</posy>
				<width>875</width>
				<height>425</height>
				<texture border="40">DialogBack.png</texture>
			</control>
			<control type="image">
				<description>Dialog Header image</description>
				<posx>40</posx>
				<posy>16</posy>
				<width>800</width>
				<height>40</height>
				<texture>dialogheader.png</texture>
			</control>
			<control type="label">
				<description>header label</description>
				<posx>40</posx>
				<posy>20</posy>
				<width>800</width>
				<height>30</height>
				<font>font13_title</font>
				<label>iStream Extension Information</label>
				<align>center</align>
				<aligny>center</aligny>
				<textcolor>selected</textcolor>
				<shadowcolor>black</shadowcolor>
			</control>
			<control type="button">
				<description>Close Window button</description>
				<posx>785</posx>
				<posy>15</posy>
				<width>64</width>
				<height>32</height>
				<label>-</label>
				<font>-</font>
				<onclick>PreviousMenu</onclick>
				<texturefocus>DialogCloseButton-focus.png</texturefocus>
				<texturenofocus>DialogCloseButton.png</texturenofocus>
				<onleft>3</onleft>
				<onright>3</onright>
				<onup>3</onup>
				<ondown>3</ondown>
				<visible>system.getbool(input.enablemouse)</visible>
			</control>
			<control type="image" id="601">
				<posx>30</posx>
				<posy>70</posy>
				<width>160</width>
				<height>160</height>
				<aspectratio>keep</aspectratio>
			</control>
			<control type="label"  id="602">
				<description>Addon Title value</description>
				<posx>210</posx>
				<posy>70</posy>
				<width>580</width>
				<height>30</height>
				<align>left</align>
				<aligny>center</aligny>
				<font>font13</font>
				<label>[B]$INFO[ListItem.Property(Addon.Name)][/B]</label>
				<textcolor>white</textcolor>
				<scroll>true</scroll>
			</control>
			<control type="group">
				<posx>215</posx>
				<posy>110</posy>
				<control type="label">
					<description>Type txt</description>
					<posx>150</posx>
					<posy>0</posy>
					<width>140</width>
					<height>25</height>
					<label>Type:</label>
					<align>right</align>
					<aligny>center</aligny>
					<font>font13</font>
					<textcolor>blue</textcolor>
				</control>
				<control type="label" id="603">
					<description>Type Value</description>
					<posx>160</posx>
					<posy>0</posy>
					<width>440</width>
					<height>25</height>
					<label fallback="Not available">$INFO[ListItem.Property(Addon.Type)]</label>
					<align>left</align>
					<aligny>center</aligny>
					<font>font13</font>
					<scroll>true</scroll>
				</control>
				<control type="label">
					<description>Author txt</description>
					<posx>150</posx>
					<posy>30</posy>
					<width>140</width>
					<height>25</height>
					<label>Author:</label>
					<align>right</align>
					<aligny>center</aligny>
					<font>font13</font>
					<textcolor>blue</textcolor>
				</control>
				<control type="label" id="604">
					<description>Author Value</description>
					<posx>160</posx>
					<posy>30</posy>
					<width>440</width>
					<height>25</height>
					<label fallback="Not available">$INFO[ListItem.Property(Addon.Creator)]</label>
					<align>left</align>
					<aligny>center</aligny>
					<font>font13</font>
					<scroll>true</scroll>
				</control>
				<control type="label">
					<description>Version txt</description>
					<posx>150</posx>
					<posy>60</posy>
					<width>140</width>
					<height>25</height>
					<label>Version:</label>
					<align>right</align>
					<aligny>center</aligny>
					<font>font13</font>
					<textcolor>blue</textcolor>
				</control>
				<control type="label" id="605">
					<description>Version Value</description>
					<posx>160</posx>
					<posy>60</posy>
					<width>440</width>
					<height>25</height>
					<label fallback="Not available">$INFO[ListItem.Property(Addon.Version)]</label>
					<align>left</align>
					<aligny>center</aligny>
					<font>font13</font>
					<scroll>true</scroll>
				</control>
				<!--
				<control type="label">
					<description>Rating txt</description>
					<posx>150</posx>
					<posy>90</posy>
					<width>140</width>
					<height>25</height>
					<label>$LOCALIZE[563]:</label>
					<align>right</align>
					<aligny>center</aligny>
					<font>font13</font>
					<textcolor>blue</textcolor>
				</control>
				<control type="image">
					<description>Rating value</description>
					<posx>155</posx>
					<posy>90</posy>
					<width>160</width>
					<height>32</height>
					<aspectratio align="left">keep</aspectratio>
					<texture fallback="LeftRating/rating0.png">$INFO[ListItem.Property(Addon.StarRating),LeftRating/]</texture>
				</control>
				-->
				<control type="label">
					<description>Summary txt</description>
					<posx>150</posx>
					<posy>90</posy>
					<width>140</width>
					<height>25</height>
					<label>Summary:</label>
					<align>right</align>
					<aligny>center</aligny>
					<font>font13</font>
					<textcolor>blue</textcolor>
				</control>
				<control type="fadelabel" id="606">
					<description>Summary Value</description>
					<posx>160</posx>
					<posy>90</posy>
					<width>440</width>
					<height>25</height>
					<label fallback="Not available">$INFO[ListItem.Property(Addon.Summary)]</label>
					<align>left</align>
					<aligny>center</aligny>
					<font>font13</font>
					<scrollout>false</scrollout>
					<pauseatend>2000</pauseatend>
				</control>
				<control type="image">
					<posx>0</posx>
					<posy>130</posy>
					<width>600</width>
					<height>4</height>
					<texture>separator.png</texture>
				</control>
				<control type="label">
					<description>Description txt</description>
					<posx>0</posx>
					<posy>140</posy>
					<width>300</width>
					<height>25</height>
					<label>Description</label>
					<align>left</align>
					<aligny>center</aligny>
					<font>font13</font>
					<textcolor>blue</textcolor>
				</control>
				<!--
				<control type="group">
					<visible>!IsEmpty(ListItem.Property(Addon.Disclaimer))</visible>
					<control type="label">
						<description>Description Page Count</description>
						<posx>610</posx>
						<posy>170</posy>
						<width>300</width>
						<height>25</height>
						<label>$INFO[Container(400).CurrentPage, $LOCALIZE[31024] [COLOR=blue]([/COLOR]]$INFO[Container(400).NumPages,/,[COLOR=blue])[/COLOR]]</label>
						<align>right</align>
						<aligny>center</aligny>
						<font>font12</font>
						<textcolor>grey</textcolor>
					</control>
					<control type="textbox" id="400">
						<description>Description</description>
						<posx>10</posx>
						<posy>195</posy>
						<width>600</width>
						<height>160</height>
						<font>font12</font>
						<align>justify</align>
						<textcolor>white</textcolor>
						<label>$INFO[ListItem.Property(Addon.Description)]</label>
						<pagecontrol>60</pagecontrol>
					</control>
					<control type="scrollbar" id="60">
						<posx>610</posx>
						<posy>190</posy>
						<width>25</width>
						<height>175</height>
						<texturesliderbackground border="0,14,0,14">ScrollBarV.png</texturesliderbackground>
						<texturesliderbar border="0,14,0,14">ScrollBarV_bar.png</texturesliderbar>
						<texturesliderbarfocus border="0,14,0,14">ScrollBarV_bar_focus.png</texturesliderbarfocus>
						<textureslidernib>ScrollBarNib.png</textureslidernib>
						<textureslidernibfocus>ScrollBarNib.png</textureslidernibfocus>
						<onleft>9000</onleft>
						<onright>61</onright>
						<showonepage>false</showonepage>
						<orientation>vertical</orientation>
					</control>
					<control type="label">
						<description>Disclaimer txt</description>
						<posx>0</posx>
						<posy>370</posy>
						<width>600</width>
						<height>25</height>
						<label>$LOCALIZE[24052]</label>
						<align>left</align>
						<aligny>center</aligny>
						<font>font13</font>
						<textcolor>orange</textcolor>
					</control>
					<control type="textbox">
						<description>Disclaimer</description>
						<posx>10</posx>
						<posy>395</posy>
						<width>600</width>
						<height>40</height>
						<font>font12</font>
						<align>justify</align>
						<textcolor>white</textcolor>
						<label>$INFO[ListItem.Property(Addon.Disclaimer)]</label>
						<autoscroll time="2000" delay="3000" repeat="5000">true</autoscroll>
					</control>
				</control>
				-->
				<control type="group">
					<!--<visible>IsEmpty(ListItem.Property(Addon.Disclaimer))</visible>
					-->
					<control type="label">
						<description>Description Page Count</description>
						<posx>610</posx>
						<posy>140</posy>
						<width>300</width>
						<height>25</height>
						<label>$INFO[Container(401).CurrentPage, Page [COLOR=blue]([/COLOR]]$INFO[Container(401).NumPages,/,[COLOR=blue])[/COLOR]]</label>
						<align>right</align>
						<aligny>center</aligny>
						<font>font12</font>
						<textcolor>grey</textcolor>
					</control>
					<control type="textbox" id="401">
						<description>Description</description>
						<posx>10</posx>
						<posy>165</posy>
						<width>600</width>
						<height>122</height>
						<font>font12</font>
						<align>justify</align>
						<textcolor>white</textcolor>
						<label>$INFO[ListItem.Property(Addon.Description)]</label>
						<pagecontrol>60</pagecontrol>
					</control>
					<control type="scrollbar" id="60">
						<posx>610</posx>
						<posy>165</posy>
						<width>25</width>
						<height>125</height>
						<texturesliderbackground border="0,14,0,14">ScrollBarV.png</texturesliderbackground>
						<texturesliderbar border="0,14,0,14">ScrollBarV_bar.png</texturesliderbar>
						<texturesliderbarfocus border="0,14,0,14">ScrollBarV_bar_focus.png</texturesliderbarfocus>
						<textureslidernib>ScrollBarNib.png</textureslidernib>
						<textureslidernibfocus>ScrollBarNib.png</textureslidernibfocus>
						<onleft>9000</onleft>
						<onright>9000</onright>
						<showonepage>false</showonepage>
						<orientation>vertical</orientation>
					</control>
				</control>
			</control>
			<control type="grouplist" id="9000">
				<posx>30</posx>
				<posy>260</posy>
				<width>160</width>
				<height>270</height>
				<onleft>60</onleft>
				<onright>60</onright>
				<onup>9000</onup>
				<ondown>9000</ondown>
				<itemgap>2</itemgap>
				<!--
				<control type="button" id="9">
					<description>Configure Addon</description>
					<width>220</width>
					<height>43</height>
					<label>24020</label>
					<align>center</align>
					<font>font12_title</font>
				</control>
				-->
				<control type="button" id="8">
					<description>Update Addon button</description>
					<width>220</width>
					<height>43</height>
					<label>Update</label>
					<align>left</align>
					<font>font12_title</font>
				</control>
				<control type="button" id ="6">
					<description>Install Addon button</description>
					<width>220</width>
					<height>43</height>
					<label>Install</label>
					<align>left</align>
					<font>font12_title</font>
				</control>
				<control type="button" id ="7">
					<description>UnInstall Addon button</description>
					<width>220</width>
					<height>43</height>
					<label>Uninstall</label>
					<align>left</align>
					<font>font12_title</font>
				</control>
				<!--
				<control type="button" id="7">
					<description>Enable/Disable Addon button</description>
					<width>220</width>
					<height>43</height>
					<label>24021</label>
					<align>center</align>
					<font>font12_title</font>
				</control>
				<control type="button" id="11">
					<description>Rollback button</description>
					<width>220</width>
					<height>43</height>
					<label>24048</label>
					<align>center</align>
					<font>font12_title</font>
				</control>
				<control type="button" id="10">
					<description>Changelog button</description>
					<width>220</width>
					<height>43</height>
					<label>24036</label>
					<align>center</align>
					<font>font12_title</font>
				</control>
				-->
			</control>
			<!--
			<control type="group">
				<visible>!IsEmpty(ListItem.Property(Addon.broken))</visible>
				<posx>0</posx>
				<posy>600</posy>
				<control type="image">
					<description>background image</description>
					<posx>0</posx>
					<posy>0</posy>
					<width>920</width>
					<height>100</height>
					<texture border="20">OverlayDialogBackground.png</texture>
				</control>
				<control type="image">
					<description>Icon image</description>
					<posx>20</posx>
					<posy>20</posy>
					<width>60</width>
					<height>60</height>
					<texture>DefaultIconError.png</texture>
				</control>
				<control type="label">
					<description>header label</description>
					<posx>100</posx>
					<posy>15</posy>
					<width>800</width>
					<height>25</height>
					<font>font12_title</font>
					<label>24096</label>
					<align>left</align>
					<aligny>center</aligny>
					<textcolor>selected</textcolor>
					<shadowcolor>black</shadowcolor>
				</control>
				<control type="textbox">
					<description>Reason label</description>
					<posx>100</posx>
					<posy>35</posy>
					<width>800</width>
					<height>50</height>
					<font>font13</font>
					<label>$INFO[ListItem.Property(Addon.broken)]</label>
					<align>left</align>
					<textcolor>white</textcolor>
					<shadowcolor>black</shadowcolor>
				</control>
			</control>
			-->
		</control>
	</controls>
</window>
