<?xml version="1.0" encoding="UTF-8"?>
<addon id="script.module.universal" name="Universal - An Addons Toolkit" version="2.0.7" provider-name="the-one">
  <requires>
    <import addon="xbmc.python" version="2.1.0"/>
	<import addon="script.module.t0mm0.common" version="0.0.1"/>
  </requires>
  <extension library="default.py" point="xbmc.service"  start="startup"/>
  <extension point="xbmc.python.module" library="lib" />
  <extension point="xbmc.addon.metadata">
    <summary lang="en">Universal - An Addons Toolkit</summary>
    <description lang="en">Collection of common functionality for addons.</description>
    <platform>all</platform>
	<language></language>
	<license>GNU GENERAL PUBLIC LICENSE. Version 3, June 2007</license>
	<forum>http://www.xunitytalk.com/</forum>
	<website>https://github.com/the-one-/script.module.universal/wiki</website>
	<source>https://github.com/the-one-/script.module.universal</source>
	<email>xs2the1[at]gmail[dot]com</email>
  </extension>
</addon>
