<?xml version="1.0" encoding="UTF-8"?>
<addon id="script.icechannel.extn.common" version="0.0.8" name="iSTREAM - Common" provider-name="iSTREAM">
    <requires>
        <import addon="xbmc.python" version="2.1.0"/>
    </requires>
	<extension library="default.py" point="xbmc.service" />
    <extension point="xbmc.addon.metadata">
		<summary lang="en">iSTREAM - Common</summary>
		<description lang="en">iSTREAM - Common</description>
		<platform></platform>
		<language></language>
		<license></license>
		<forum></forum>
		<website></website>
		<source></source>
		<email></email>
    </extension>
</addon>
